redshift,halo_mass_lower_msun,halo_mass_upper_msun,sfrd_popii_msun_yr_mpc3,sfrd_popiii_msun_yr_mpc3,popii_fraction_of_bin_sfr,popiii_fraction_of_bin_sfr,bin_fraction_of_total_sfrd
1.000000000000e+01,1.000000000000e+05,1.000000000000e+06,2.090030501684e-35,6.498529188088e-15,3.216159289575e-21,1.000000000000e+00,3.707465528964e-13
1.000000000000e+01,1.000000000000e+06,1.000000000000e+07,4.632678500148e-08,1.468423694682e-05,3.144943115885e-03,9.968550568841e-01,8.403910435308e-04
1.000000000000e+01,1.000000000000e+07,1.000000000000e+08,5.746754157336e-04,3.879035649725e-04,5.970163770998e-01,4.029836229002e-01,5.491594000094e-02
1.000000000000e+01,1.000000000000e+08,1.000000000000e+09,5.194803979122e-03,8.415049548394e-05,9.840592496320e-01,1.594075036804e-02,3.011687903080e-01
1.000000000000e+01,1.000000000000e+09,1.000000000000e+10,7.615681521697e-03,1.691830937483e-09,9.999997778491e-01,2.221509075480e-07,4.344811291365e-01
1.000000000000e+01,1.000000000000e+10,1.000000000000e+14,3.656278282449e-03,2.799351848091e-40,1.000000000000e+00,7.656287710728e-38,2.085937495107e-01
1.016620329396e+01,1.000000000000e+05,1.000000000000e+06,9.951208335634e-35,1.747046964795e-14,5.696016498791e-21,1.000000000000e+00,1.059975313111e-12
1.016620329396e+01,1.000000000000e+06,1.000000000000e+07,5.557846124541e-08,1.702605266862e-05,3.253697543453e-03,9.967463024565e-01,1.036383547219e-03
1.016620329396e+01,1.000000000000e+07,1.000000000000e+08,5.860716101256e-04,3.963615142467e-04,5.965511499829e-01,4.034488500171e-01,5.960657495774e-02
1.016620329396e+01,1.000000000000e+08,1.000000000000e+09,5.065243459626e-03,8.010430994633e-05,9.844317015032e-01,1.556829849676e-02,3.121805951999e-01
1.016620329396e+01,1.000000000000e+09,1.000000000000e+10,7.127629589928e-03,1.284457329583e-09,9.999998197918e-01,1.802081718623e-07,4.324504675640e-01
1.016620329396e+01,1.000000000000e+10,1.000000000000e+14,3.209465596973e-03,4.406748561382e-41,1.000000000000e+00,1.373047452367e-38,1.947259787301e-01
1.033516894142e+01,1.000000000000e+05,1.000000000000e+06,4.584706938997e-34,4.567085843597e-14,1.003858279875e-20,1.000000000000e+00,2.948540737718e-12
1.033516894142e+01,1.000000000000e+06,1.000000000000e+07,6.646517533291e-08,1.967477063720e-05,3.366819380715e-03,9.966331806193e-01,1.274507202175e-03
1.033516894142e+01,1.000000000000e+07,1.000000000000e+08,5.967088134658e-04,4.044267615475e-04,5.960319744485e-01,4.039680255515e-01,6.463397290954e-02
1.033516894142e+01,1.000000000000e+08,1.000000000000e+09,4.929995863856e-03,7.608581019365e-05,9.848013246392e-01,1.519867536082e-02,3.231959340763e-01
1.033516894142e+01,1.000000000000e+09,1.000000000000e+10,6.654165177949e-03,9.676180163716e-10,9.999998545846e-01,1.454153676364e-07,4.295973543668e-01
1.033516894142e+01,1.000000000000e+10,1.000000000000e+14,2.808184318762e-03,6.625108952266e-42,1.000000000000e+00,2.359214424781e-39,1.812982314423e-01
1.050694285360e+01,1.000000000000e+05,1.000000000000e+06,2.043443180519e-33,1.160454242572e-13,1.760899400903e-20,1.000000000000e+00,7.993857537864e-12
1.050694285360e+01,1.000000000000e+06,1.000000000000e+07,7.914514907943e-08,2.263759738843e-05,3.484000795833e-03,9.965159992042e-01,1.564856216707e-03
1.050694285360e+01,1.000000000000e+07,1.000000000000e+08,6.057608153784e-04,4.115755768267e-04,5.954380675063e-01,4.045619324937e-01,7.007981779058e-02
1.050694285360e+01,1.000000000000e+08,1.000000000000e+09,4.781760265647e-03,7.200713452760e-05,9.851646919618e-01,1.483530803825e-02,3.343546319667e-01
1.050694285360e+01,1.000000000000e+09,1.000000000000e+10,6.182289987100e-03,7.218162851657e-10,9.999998832445e-01,1.167554744918e-07,4.258707441598e-01
1.050694285360e+01,1.000000000000e+10,1.000000000000e+14,2.440712918540e-03,9.476713014947e-43,1.000000000000e+00,3.882764311591e-40,1.681299498582e-01
1.068157170477e+01,1.000000000000e+05,1.000000000000e+06,8.825528333179e-33,2.861498620899e-13,3.084232950078e-20,1.000000000000e+00,2.102645473839e-11
1.068157170477e+01,1.000000000000e+06,1.000000000000e+07,9.396271053132e-08,2.595740575088e-05,3.606824365887e-03,9.963931756341e-01,1.914269382576e-03
1.068157170477e+01,1.000000000000e+07,1.000000000000e+08,6.141870689709e-04,4.183455163199e-04,5.948355313144e-01,4.051644686856e-01,7.587108206857e-02
1.068157170477e+01,1.000000000000e+08,1.000000000000e+09,4.631978397717e-03,6.802363324566e-05,9.855268927976e-01,1.447310720241e-02,3.453588244028e-01
1.068157170477e+01,1.000000000000e+09,1.000000000000e+10,5.733658142212e-03,5.344191880507e-10,9.999999067926e-01,9.320735994084e-08,4.213125030677e-01
1.068157170477e+01,1.000000000000e+10,1.000000000000e+14,2.116795266884e-03,1.292838693173e-43,1.000000000000e+00,6.107528268787e-41,1.555433210574e-01
1.085910294498e+01,1.000000000000e+05,1.000000000000e+06,3.690452172838e-32,6.853035245384e-13,5.385135258605e-20,1.000000000000e+00,5.390251642242e-11
1.085910294498e+01,1.000000000000e+06,1.000000000000e+07,1.110173121513e-07,2.962038266190e-05,3.734008901303e-03,9.962659910987e-01,2.338521863640e-03
1.085910294498e+01,1.000000000000e+07,1.000000000000e+08,6.205618231476e-04,4.238616540808e-04,5.941668649525e-01,4.058331350475e-01,8.214907937499e-02
1.085910294498e+01,1.000000000000e+08,1.000000000000e+09,4.468083678118e-03,6.398465576964e-05,9.858817980984e-01,1.411820190159e-02,3.564696211937e-01
1.085910294498e+01,1.000000000000e+09,1.000000000000e+10,5.286626255390e-03,3.913529163233e-10,9.999999259730e-01,7.402696321754e-08,4.158193697270e-01
1.085910294498e+01,1.000000000000e+10,1.000000000000e+14,1.820907680515e-03,1.672349922325e-44,1.000000000000e+00,9.184155463896e-42,1.432234077868e-01
1.103958481287e+01,1.000000000000e+05,1.000000000000e+06,1.497122841901e-31,1.595469384664e-12,9.383588656051e-20,1.000000000000e+00,1.342562260986e-10
1.103958481287e+01,1.000000000000e+06,1.000000000000e+07,1.307715846884e-07,3.369384131201e-05,3.866166483200e-03,9.961338335168e-01,2.846287694647e-03
1.103958481287e+01,1.000000000000e+07,1.000000000000e+08,6.262763244535e-04,4.289630655952e-04,5.934921785137e-01,4.065078214863e-01,8.879672621754e-02
1.103958481287e+01,1.000000000000e+08,1.000000000000e+09,4.304813174621e-03,6.007965545931e-05,9.862357089170e-01,1.376429108299e-02,3.672988302528e-01
1.103958481287e+01,1.000000000000e+09,1.000000000000e+10,4.866459760298e-03,2.843739986787e-10,9.999999415645e-01,5.843549439803e-08,4.095049183252e-01
1.103958481287e+01,1.000000000000e+10,1.000000000000e+14,1.563347703011e-03,2.058738309198e-45,1.000000000000e+00,1.316878072122e-42,1.315532373756e-01
1.122306634886e+01,1.000000000000e+05,1.000000000000e+06,5.886484283477e-31,3.607154078610e-12,1.631891556389e-19,1.000000000000e+00,3.258399260417e-10
1.122306634886e+01,1.000000000000e+06,1.000000000000e+07,1.532762187446e-07,3.813788017883e-05,4.002914332310e-03,9.959970856677e-01,3.458900644866e-03
1.122306634886e+01,1.000000000000e+07,1.000000000000e+08,6.297871203322e-04,4.326658246035e-04,5.927670710822e-01,4.072329289178e-01,9.597305284337e-02
1.122306634886e+01,1.000000000000e+08,1.000000000000e+09,4.129597000795e-03,5.616223303107e-05,9.865825457477e-01,1.341745425232e-02,3.781062437188e-01
1.122306634886e+01,1.000000000000e+09,1.000000000000e+10,4.452851669351e-03,2.042800044802e-10,9.999999541238e-01,4.587621827034e-08,4.022331437912e-01
1.122306634886e+01,1.000000000000e+10,1.000000000000e+14,1.330970399414e-03,2.396898127896e-46,1.000000000000e+00,1.800865089826e-43,1.202286586759e-01
1.140959740842e+01,1.000000000000e+05,1.000000000000e+06,2.247573998161e-30,7.905587203085e-12,2.843019677633e-19,1.000000000000e+00,7.663464004113e-10
1.140959740842e+01,1.000000000000e+06,1.000000000000e+07,1.790701319297e-07,4.300374608469e-05,4.146791423500e-03,9.958532085765e-01,4.186026277000e-03
1.140959740842e+01,1.000000000000e+07,1.000000000000e+08,6.324557161896e-04,4.357328814813e-04,5.920824445876e-01,4.079175554124e-01,1.035473350374e-01
1.140959740842e+01,1.000000000000e+08,1.000000000000e+09,3.955674322381e-03,5.239188111362e-05,9.869283892896e-01,1.307161071041e-02,3.885311778560e-01
1.140959740842e+01,1.000000000000e+09,1.000000000000e+10,4.066207311249e-03,1.455150635638e-10,9.999999642136e-01,3.578643370044e-08,3.941672348641e-01
1.140959740842e+01,1.000000000000e+10,1.000000000000e+14,1.130299768530e-03,2.648189689642e-47,1.000000000000e+00,2.342909167437e-44,1.095682251991e-01
1.159922867563e+01,1.000000000000e+05,1.000000000000e+06,8.326494944131e-30,1.685025815064e-11,4.941464320423e-19,1.000000000000e+00,1.758409504900e-09
1.159922867563e+01,1.000000000000e+06,1.000000000000e+07,2.081543344165e-07,4.825846243354e-05,4.294798116673e-03,9.957052018833e-01,5.057736138713e-03
1.159922867563e+01,1.000000000000e+07,1.000000000000e+08,6.328674415831e-04,4.373384134154e-04,5.913511299039e-01,4.086488700961e-01,1.116813837987e-01
1.159922867563e+01,1.000000000000e+08,1.000000000000e+09,3.772653868819e-03,4.865522659883e-05,9.872673930886e-01,1.273260691138e-02,3.987728956122e-01
1.159922867563e+01,1.000000000000e+09,1.000000000000e+10,3.690854549074e-03,1.024324033424e-10,9.999999722470e-01,2.775303094110e-08,3.851593158036e-01
1.159922867563e+01,1.000000000000e+10,1.000000000000e+14,9.518338442575e-04,2.760119948754e-48,1.000000000000e+00,2.899791770808e-45,9.932866688838e-02
1.179201167696e+01,1.000000000000e+05,1.000000000000e+06,2.998382924875e-29,3.494545854949e-11,8.580179082866e-19,1.000000000000e+00,3.924943998411e-09
1.179201167696e+01,1.000000000000e+06,1.000000000000e+07,2.411337673378e-07,5.397178889836e-05,4.447902003452e-03,9.955520979965e-01,6.088993943282e-03
1.179201167696e+01,1.000000000000e+07,1.000000000000e+08,6.323134677842e-04,4.382499565015e-04,5.906361579708e-01,4.093638420292e-01,1.202417041149e-01
1.179201167696e+01,1.000000000000e+08,1.000000000000e+09,3.591993557605e-03,4.508271020679e-05,9.876046838485e-01,1.239531615154e-02,4.085028859728e-01
1.179201167696e+01,1.000000000000e+09,1.000000000000e+10,3.342407821708e-03,7.145696614703e-11,9.999999786211e-01,2.137888864287e-08,3.754068295295e-01
1.179201167696e+01,1.000000000000e+10,1.000000000000e+14,7.991680318117e-04,2.722061887524e-49,1.000000000000e+00,3.406119588334e-46,8.975958251454e-02
1.198799879528e+01,1.000000000000e+05,1.000000000000e+06,1.048599645616e-28,7.026594253495e-11,1.492329865346e-18,1.000000000000e+00,8.521351277576e-09
1.198799879528e+01,1.000000000000e+06,1.000000000000e+07,2.778874046753e-07,6.002927620764e-05,4.607867258718e-03,9.953921327413e-01,7.313621751236e-03
1.198799879528e+01,1.000000000000e+07,1.000000000000e+08,6.293917580271e-04,4.375069097402e-04,5.899264635359e-01,4.100735364641e-01,1.293858446587e-01
1.198799879528e+01,1.000000000000e+08,1.000000000000e+09,3.404334544555e-03,4.157306841220e-05,9.879355243722e-01,1.206447562777e-02,4.178950453210e-01
1.198799879528e+01,1.000000000000e+09,1.000000000000e+10,3.007713905538e-03,4.922753935828e-11,9.999999836329e-01,1.636709477651e-08,3.647540504886e-01
1.198799879528e+01,1.000000000000e+10,1.000000000000e+14,6.650410843406e-04,2.524848946081e-50,1.000000000000e+00,3.796530779124e-47,8.065142925916e-02
1.218724328406e+01,1.000000000000e+05,1.000000000000e+06,3.568205375207e-28,1.374364274599e-10,2.596258823919e-18,1.000000000000e+00,1.799063276981e-08
1.218724328406e+01,1.000000000000e+06,1.000000000000e+07,3.191318546520e-07,6.652853504927e-05,4.774016348404e-03,9.952259836516e-01,8.750459023229e-03
1.218724328406e+01,1.000000000000e+07,1.000000000000e+08,6.255109385984e-04,4.360077218132e-04,5.892604265250e-01,4.107395734750e-01,1.389543714918e-01
1.218724328406e+01,1.000000000000e+08,1.000000000000e+09,3.220854760057e-03,3.824625995750e-05,9.882647823057e-01,1.173521769427e-02,4.266211709256e-01
1.218724328406e+01,1.000000000000e+09,1.000000000000e+10,2.700140031348e-03,3.359377941953e-11,9.999999875585e-01,1.244149511194e-08,3.534523505392e-01
1.218724328406e+01,1.000000000000e+10,1.000000000000e+14,5.517250528982e-04,2.209899815314e-51,1.000000000000e+00,4.005436772728e-48,7.222163002956e-02
1.238979928188e+01,1.000000000000e+05,1.000000000000e+06,1.180186451353e-27,2.615931217858e-10,4.511534719630e-18,1.000000000000e+00,3.708684578913e-08
1.238979928188e+01,1.000000000000e+06,1.000000000000e+07,3.645053358288e-07,7.334933521091e-05,4.944869689671e-03,9.950551303103e-01,1.045063348080e-02
1.238979928188e+01,1.000000000000e+07,1.000000000000e+08,6.191432089167e-04,4.328004460038e-04,5.885706957979e-01,4.114293042021e-01,1.491372244138e-01
1.238979928188e+01,1.000000000000e+08,1.000000000000e+09,3.032141425150e-03,3.500556104281e-05,9.885869307208e-01,1.141306927917e-02,4.348386781464e-01
1.238979928188e+01,1.000000000000e+09,1.000000000000e+10,2.407418905140e-03,2.262023873627e-11,9.999999906039e-01,9.396054203709e-09,3.413070416919e-01
1.238979928188e+01,1.000000000000e+10,1.000000000000e+14,4.533047760589e-04,1.813018434690e-52,1.000000000000e+00,3.999557318705e-49,6.426638518018e-02
1.259572182710e+01,1.000000000000e+05,1.000000000000e+06,3.801296290189e-27,4.845170136443e-10,7.845537273495e-18,1.000000000000e+00,7.438941536367e-08
1.259572182710e+01,1.000000000000e+06,1.000000000000e+07,4.147964450425e-07,8.056128290009e-05,5.122456513047e-03,9.948775434870e-01,1.243251120455e-02
1.259572182710e+01,1.000000000000e+07,1.000000000000e+08,6.117267454844e-04,4.287343448281e-04,5.879381277975e-01,4.120618722025e-01,1.597452515337e-01
1.259572182710e+01,1.000000000000e+08,1.000000000000e+09,2.848503575751e-03,3.195270902411e-05,9.889070668446e-01,1.109293315542e-02,4.422454794587e-01
1.259572182710e+01,1.000000000000e+09,1.000000000000e+10,2.140334080802e-03,1.507543468865e-11,9.999999929565e-01,7.043496021339e-09,3.286122005865e-01
1.259572182710e+01,1.000000000000e+10,1.000000000000e+14,3.710240357215e-04,1.398814629674e-53,1.000000000000e+00,3.770145583570e-50,5.696448282711e-02
1.280506687285e+01,1.000000000000e+05,1.000000000000e+06,1.191455556575e-26,8.730414385475e-10,1.364718218366e-17,1.000000000000e+00,1.455513424996e-07
1.280506687285e+01,1.000000000000e+06,1.000000000000e+07,4.695664190210e-07,8.802238808480e-05,5.306317638184e-03,9.946936823618e-01,1.475316314868e-02
1.280506687285e+01,1.000000000000e+07,1.000000000000e+08,6.021276525156e-04,4.230855825157e-04,5.873194296962e-01,4.126805703038e-01,1.709210538224e-01
1.280506687285e+01,1.000000000000e+08,1.000000000000e+09,2.663651750054e-03,2.902382522317e-05,9.892211949001e-01,1.077880509990e-02,4.489163143843e-01
1.280506687285e+01,1.000000000000e+09,1.000000000000e+10,1.890817068509e-03,9.913358160748e-12,9.999999947571e-01,5.242896456711e-09,3.152324185704e-01
1.280506687285e+01,1.000000000000e+10,1.000000000000e+14,3.009695146341e-04,1.009263374971e-54,1.000000000000e+00,3.353374099029e-51,5.017690452280e-02
1.301789130222e+01,1.000000000000e+05,1.000000000000e+06,3.638734994260e-26,1.533809247520e-09,2.372351712016e-17,1.000000000000e+00,2.778539943949e-07
1.301789130222e+01,1.000000000000e+06,1.000000000000e+07,5.293461988659e-07,9.578595567715e-05,5.495971964531e-03,9.945040280355e-01,1.744779632205e-02
1.301789130222e+01,1.000000000000e+07,1.000000000000e+08,5.912204880573e-04,4.164149910269e-04,5.867404436718e-01,4.132595563282e-01,1.825360899409e-01
1.301789130222e+01,1.000000000000e+08,1.000000000000e+09,2.483478498714e-03,2.627215261048e-05,9.895319670117e-01,1.046803298830e-02,4.546486106621e-01
1.301789130222e+01,1.000000000000e+09,1.000000000000e+10,1.663705145897e-03,6.443133591299e-12,9.999999961272e-01,3.872761698331e-09,3.013850143494e-01
1.301789130222e+01,1.000000000000e+10,1.000000000000e+14,2.427905415149e-04,6.818483461362e-56,1.000000000000e+00,2.808381009746e-52,4.398221087158e-02
1.323425294371e+01,1.000000000000e+05,1.000000000000e+06,1.082742030753e-25,2.624230027184e-09,4.125941779255e-17,1.000000000000e+00,5.174679970559e-07
1.323425294371e+01,1.000000000000e+06,1.000000000000e+07,5.938501945191e-07,1.037231871964e-04,5.692744055734e-03,9.943072559443e-01,2.057012069762e-02
1.323425294371e+01,1.000000000000e+07,1.000000000000e+08,5.785915656057e-04,4.084223636799e-04,5.862040528896e-01,4.137959471104e-01,1.946278015886e-01
1.323425294371e+01,1.000000000000e+08,1.000000000000e+09,2.306151475570e-03,2.367581997256e-05,9.898379506422e-01,1.016204935785e-02,4.594151623987e-01
1.323425294371e+01,1.000000000000e+09,1.000000000000e+10,1.455791608470e-03,4.132830789582e-12,9.999999971611e-01,2.838888996065e-09,2.870653723570e-01
1.323425294371e+01,1.000000000000e+10,1.000000000000e+14,1.943370147247e-04,4.298838415657e-57,1.000000000000e+00,2.212053335154e-53,3.832102549003e-02
1.345421058695e+01,1.000000000000e+05,1.000000000000e+06,3.140578668211e-25,4.375723364812e-09,7.177278832264e-17,1.000000000000e+00,9.407396636494e-07
1.345421058695e+01,1.000000000000e+06,1.000000000000e+07,6.630124230729e-07,1.117719556898e-04,5.896852502393e-03,9.941031474976e-01,2.417246824502e-02
1.345421058695e+01,1.000000000000e+07,1.000000000000e+08,5.643721777690e-04,3.991874201421e-04,5.857159007004e-01,4.142840992996e-01,2.071563159898e-01
1.345421058695e+01,1.000000000000e+08,1.000000000000e+09,2.132895162022e-03,2.124127775048e-05,9.901393071682e-01,9.860692831847e-03,4.631192195792e-01
1.345421058695e+01,1.000000000000e+09,1.000000000000e+10,1.266878772502e-03,2.615665928184e-12,9.999999979353e-01,2.064653682386e-09,2.723671067447e-01
1.345421058695e+01,1.000000000000e+10,1.000000000000e+14,1.543506511747e-04,2.525360196479e-58,1.000000000000e+00,1.636118913175e-54,3.318394870157e-02
1.367782399867e+01,1.000000000000e+05,1.000000000000e+06,8.887234440599e-25,7.129640149201e-09,1.246519355061e-16,1.000000000000e+00,1.672248659811e-06
1.367782399867e+01,1.000000000000e+06,1.000000000000e+07,7.370363330388e-07,1.199534062603e-04,6.106832630671e-03,9.938931673693e-01,2.830780048572e-02
1.367782399867e+01,1.000000000000e+07,1.000000000000e+08,5.490264818719e-04,3.890388563245e-04,5.852753102758e-01,4.147246897242e-01,2.200221149716e-01
1.367782399867e+01,1.000000000000e+08,1.000000000000e+09,1.966278491691e-03,1.898495438686e-05,9.904370604192e-01,9.562939580825e-03,4.656411919255e-01
1.367782399867e+01,1.000000000000e+09,1.000000000000e+10,1.097643205539e-03,1.634537358636e-12,9.999999985109e-01,1.489133579977e-09,2.574509152963e-01
1.367782399867e+01,1.000000000000e+10,1.000000000000e+14,1.218352131800e-04,1.381879239027e-59,1.000000000000e+00,1.134219904869e-55,2.857630507213e-02
1.390515393896e+01,1.000000000000e+05,1.000000000000e+06,2.452190412595e-24,1.134960213089e-08,2.160595926019e-16,1.000000000000e+00,2.912123909143e-06
1.390515393896e+01,1.000000000000e+06,1.000000000000e+07,8.147642222880e-07,1.280574261200e-04,6.322265650360e-03,9.936777343496e-01,3.306651478980e-02
1.390515393896e+01,1.000000000000e+07,1.000000000000e+08,5.318061366849e-04,3.775046586606e-04,5.848452909688e-01,4.151547090312e-01,2.333144085077e-01
1.390515393896e+01,1.000000000000e+08,1.000000000000e+09,1.803035609111e-03,1.687331276034e-05,9.907284850590e-01,9.271514940970e-03,4.669591253264e-01
1.390515393896e+01,1.000000000000e+09,1.000000000000e+10,9.440889438287e-04,1.005813900282e-12,9.999999989346e-01,1.065380445121e-09,2.422379178497e-01
1.390515393896e+01,1.000000000000e+10,1.000000000000e+14,9.517016478354e-05,7.007244998614e-61,1.000000000000e+00,7.362858953278e-57,2.441912140240e-02
1.413626217773e+01,1.000000000000e+05,1.000000000000e+06,6.606995476249e-24,1.764710999197e-08,3.743953247446e-16,1.000000000000e+00,4.955271867207e-06
1.413626217773e+01,1.000000000000e+06,1.000000000000e+07,8.968458479996e-07,1.361031758907e-04,6.546319019642e-03,9.934536809804e-01,3.846932182309e-02
1.413626217773e+01,1.000000000000e+07,1.000000000000e+08,5.137504454312e-04,3.652060747232e-04,5.845004088950e-01,4.154995911050e-01,2.468091669854e-01
1.413626217773e+01,1.000000000000e+08,1.000000000000e+09,1.648012508330e-03,1.493877791015e-05,9.910167074443e-01,8.983292555685e-03,4.669532704782e-01
1.413626217773e+01,1.000000000000e+09,1.000000000000e+10,8.084737881221e-04,6.108106342961e-13,9.999999992445e-01,7.555107448238e-10,2.270177622571e-01
1.413626217773e+01,1.000000000000e+10,1.000000000000e+14,7.388061428016e-05,3.298717699795e-62,1.000000000000e+00,4.464929984591e-58,2.074552318431e-02
1.437121151156e+01,1.000000000000e+05,1.000000000000e+06,1.737680842026e-23,2.686545891938e-08,6.468085459623e-16,1.000000000000e+00,8.271284365305e-06
1.437121151156e+01,1.000000000000e+06,1.000000000000e+07,9.820448475675e-07,1.439518746197e-04,6.775811012200e-03,9.932241889878e-01,4.462196851686e-02
1.437121151156e+01,1.000000000000e+07,1.000000000000e+08,4.943710919555e-04,3.518933671124e-04,5.841803784364e-01,4.158196215636e-01,2.605462281588e-01
1.437121151156e+01,1.000000000000e+08,1.000000000000e+09,1.499055687790e-03,1.315695063469e-05,9.912995366522e-01,8.700463347796e-03,4.655770366979e-01
1.437121151156e+01,1.000000000000e+09,1.000000000000e+10,6.877886151798e-04,3.652896179740e-13,9.999999994689e-01,5.311073921811e-10,2.117549988431e-01
1.437121151156e+01,1.000000000000e+10,1.000000000000e+14,5.681307278010e-05,1.435283565263e-63,1.000000000000e+00,2.526326239770e-59,1.749149649894e-02
1.461006578071e+01,1.000000000000e+05,1.000000000000e+06,4.463636077376e-23,4.008932612505e-08,1.113422576237e-15,1.000000000000e+00,1.355288404868e-05
1.461006578071e+01,1.000000000000e+06,1.000000000000e+07,1.069910697619e-06,1.515452690900e-04,7.010512971960e-03,9.929894870280e-01,5.159417819291e-02
1.461006578071e+01,1.000000000000e+07,1.000000000000e+08,4.739562022783e-04,3.377641217681e-04,5.838910129978e-01,4.161089870022e-01,2.744159729061e-01
1.461006578071e+01,1.000000000000e+08,1.000000000000e+09,1.357317212598e-03,1.152920829377e-05,9.915774274471e-01,8.422572552926e-03,4.627620021580e-01
1.461006578071e+01,1.000000000000e+09,1.000000000000e+10,5.814733835419e-04,2.151379283545e-13,9.999999996300e-01,3.699875770141e-10,1.965770470392e-01
1.461006578071e+01,1.000000000000e+10,1.000000000000e+14,4.329686280964e-05,5.763973563724e-65,1.000000000000e+00,1.331268177343e-60,1.463724681977e-02
1.485288988649e+01,1.000000000000e+05,1.000000000000e+06,1.120757617485e-22,5.861488434651e-08,1.912069997204e-15,1.000000000000e+00,2.177079387950e-05
1.485288988649e+01,1.000000000000e+06,1.000000000000e+07,1.160359312644e-06,1.588202771725e-04,7.253123491302e-03,9.927468765087e-01,5.942015412057e-02
1.485288988649e+01,1.000000000000e+07,1.000000000000e+08,4.529815057492e-04,3.231023551605e-04,5.836759769984e-01,4.163240230016e-01,2.882537764502e-01
1.485288988649e+01,1.000000000000e+08,1.000000000000e+09,1.224344306245e-03,1.005843521688e-05,9.918515773831e-01,8.148422616891e-03,4.584829936674e-01
1.485288988649e+01,1.000000000000e+09,1.000000000000e+10,4.890841423501e-04,1.248653143432e-13,9.999999997447e-01,2.553043607410e-10,1.816560788999e-01
1.485288988649e+01,1.000000000000e+10,1.000000000000e+14,3.275320702467e-05,2.135491803202e-66,1.000000000000e+00,6.519947196602e-62,1.216522606803e-02
1.509974980889e+01,1.000000000000e+05,1.000000000000e+06,2.749091395780e-22,8.405962444113e-08,3.270406469286e-15,1.000000000000e+00,3.438420066753e-05
1.509974980889e+01,1.000000000000e+06,1.000000000000e+07,1.251218174005e-06,1.655437041268e-04,7.501536358213e-03,9.924984636418e-01,6.822669167090e-02
1.509974980889e+01,1.000000000000e+07,1.000000000000e+08,4.309161915787e-04,3.076121615341e-04,5.834795505988e-01,4.165204494012e-01,3.020916077239e-01
1.509974980889e+01,1.000000000000e+08,1.000000000000e+09,1.097980428515e-03,8.721172505046e-06,9.921196711950e-01,7.880328804990e-03,4.526911722666e-01
1.509974980889e+01,1.000000000000e+09,1.000000000000e+10,4.081149064604e-04,7.122642740882e-14,9.999999998255e-01,1.745254247490e-10,1.669375153040e-01
1.509974980889e+01,1.000000000000e+10,1.000000000000e+14,2.449270772153e-05,7.260025453283e-68,1.000000000000e+00,2.964157959106e-63,1.001862883385e-02
1.535071262452e+01,1.000000000000e+05,1.000000000000e+06,6.594478855011e-22,1.185411133644e-07,5.563030975371e-15,1.000000000000e+00,5.344739479140e-05
1.535071262452e+01,1.000000000000e+06,1.000000000000e+07,1.342582581440e-06,1.717980239469e-04,7.754290621708e-03,9.922457093783e-01,7.806501971258e-02
1.535071262452e+01,1.000000000000e+07,1.000000000000e+08,4.084428743787e-04,2.917652504277e-04,5.833163882404e-01,4.166836117596e-01,3.157073442328e-01
1.535071262452e+01,1.000000000000e+08,1.000000000000e+09,9.802656336323e-04,7.523695656345e-06,9.923832993197e-01,7.616700680259e-03,4.453709329600e-01
1.535071262452e+01,1.000000000000e+09,1.000000000000e+10,3.384917144683e-04,3.998392457064e-14,9.999999998819e-01,1.181237910911e-10,1.526179380763e-01
1.535071262452e+01,1.000000000000e+10,1.000000000000e+14,1.815423685535e-05,2.265700214251e-69,1.000000000000e+00,1.248028343083e-64,8.185317623612e-03
1.560584652481e+01,1.000000000000e+05,1.000000000000e+06,1.547693433169e-21,1.644048950325e-07,9.413913331857e-15,1.000000000000e+00,8.175825021237e-05
1.560584652481e+01,1.000000000000e+06,1.000000000000e+07,1.433714346725e-06,1.774998734725e-04,8.012550154491e-03,9.919874498455e-01,8.898334226263e-02
1.560584652481e+01,1.000000000000e+07,1.000000000000e+08,3.857807068962e-04,2.757062217062e-04,5.832023131753e-01,4.167976868247e-01,3.289562260917e-01
1.560584652481e+01,1.000000000000e+08,1.000000000000e+09,8.713809786579e-04,6.458501503053e-06,9.926427306484e-01,7.357269351646e-03,4.365479498109e-01
1.560584652481e+01,1.000000000000e+09,1.000000000000e+10,2.791010511403e-04,2.208589558183e-14,9.999999999209e-01,7.913225510921e-11,1.387964365110e-01
1.560584652481e+01,1.000000000000e+10,1.000000000000e+14,1.334066307813e-05,6.479339408022e-71,1.000000000000e+00,4.856834604154e-66,6.634287073541e-03
1.586522083456e+01,1.000000000000e+05,1.000000000000e+06,3.552039782459e-21,2.241186167579e-07,1.584892783046e-14,1.000000000000e+00,1.232051285394e-04
1.586522083456e+01,1.000000000000e+06,1.000000000000e+07,1.521980067274e-06,1.823689055863e-04,8.276538893512e-03,9.917234611065e-01,1.010906658801e-01
1.586522083456e+01,1.000000000000e+07,1.000000000000e+08,3.625682668932e-04,2.592193536650e-04,5.831062808354e-01,4.168937191646e-01,3.418164221398e-01
1.586522083456e+01,1.000000000000e+08,1.000000000000e+09,7.697886392971e-04,5.507524021984e-06,9.928962320690e-01,7.103767930963e-03,4.262049482531e-01
1.586522083456e+01,1.000000000000e+09,1.000000000000e+10,2.281878032605e-04,1.197366798377e-14,9.999999999475e-01,5.247286582393e-11,1.254420897291e-01
1.586522083456e+01,1.000000000000e+10,1.000000000000e+14,9.682301366758e-06,1.689052593897e-72,1.000000000000e+00,1.744474304111e-67,5.322668869305e-03
1.612890603078e+01,1.000000000000e+05,1.000000000000e+06,7.979648759595e-21,3.011943731981e-07,2.649335269735e-14,1.000000000000e+00,1.831914981961e-04
1.612890603078e+01,1.000000000000e+06,1.000000000000e+07,1.607388113631e-06,1.865381143871e-04,8.543324673015e-03,9.914566753270e-01,1.144332681782e-01
1.612890603078e+01,1.000000000000e+07,1.000000000000e+08,3.393871207390e-04,2.427213418775e-04,5.830307280081e-01,4.169692719919e-01,3.540481857182e-01
1.612890603078e+01,1.000000000000e+08,1.000000000000e+09,6.766618573818e-04,4.670484183153e-06,9.931450719447e-01,6.854928055264e-03,4.143978225603e-01
1.612890603078e+01,1.000000000000e+09,1.000000000000e+10,1.853055187530e-04,6.378600939958e-15,9.999999999656e-01,3.442207756500e-11,1.127059421631e-01
1.612890603078e+01,1.000000000000e+10,1.000000000000e+14,6.957370154709e-06,4.013778239552e-74,1.000000000000e+00,5.769102621103e-69,4.231589882017e-03
1.639697376181e+01,1.000000000000e+05,1.000000000000e+06,1.755411402221e-20,3.992373473344e-07,4.396911796809e-14,1.000000000000e+00,2.688308590486e-04
1.639697376181e+01,1.000000000000e+06,1.000000000000e+07,1.688989821578e-06,1.899599648455e-04,8.812935215388e-03,9.911870647846e-01,1.290489315764e-01
1.639697376181e+01,1.000000000000e+07,1.000000000000e+08,3.164318198845e-04,2.263503746999e-04,5.829812087457e-01,4.170187912543e-01,3.654883607975e-01
1.639697376181e+01,1.000000000000e+08,1.000000000000e+09,5.918857049299e-04,3.938747267432e-06,9.933894165422e-01,6.610583457773e-03,4.012049483741e-01
1.639697376181e+01,1.000000000000e+09,1.000000000000e+10,1.494825168917e-04,3.338152608843e-15,9.999999999777e-01,2.233139151108e-11,1.006556969129e-01
1.639697376181e+01,1.000000000000e+10,1.000000000000e+14,4.950140392489e-06,8.677320628509e-76,1.000000000000e+00,1.752944349149e-70,3.333231479992e-03
1.666949686684e+01,1.000000000000e+05,1.000000000000e+06,3.780890944375e-20,5.211585347902e-07,7.254780823837e-14,9.999999999999e-01,3.891064088800e-04
1.666949686684e+01,1.000000000000e+06,1.000000000000e+07,1.764610258720e-06,1.924044182186e-04,9.088010959105e-03,9.909119890409e-01,1.449701162755e-01
1.666949686684e+01,1.000000000000e+07,1.000000000000e+08,2.936159593395e-04,2.100490271691e-04,5.829588460672e-01,4.170411539328e-01,3.760454086353e-01
1.666949686684e+01,1.000000000000e+08,1.000000000000e+09,5.146340210075e-04,3.300007552019e-06,9.936285175909e-01,6.371482409057e-03,3.866989340790e-01
1.666949686684e+01,1.000000000000e+09,1.000000000000e+10,1.196039877756e-04,1.713406797644e-15,9.999999999857e-01,1.432566613778e-11,8.929850528205e-02
1.666949686684e+01,1.000000000000e+10,1.000000000000e+14,3.479595829243e-06,1.699706669694e-77,1.000000000000e+00,4.884781891649e-72,2.597929319177e-03
1.694654939564e+01,1.000000000000e+05,1.000000000000e+06,7.975502836496e-20,6.716360638384e-07,1.187473881452e-13,9.999999999999e-01,5.567706911661e-04
1.694654939564e+01,1.000000000000e+06,1.000000000000e+07,1.832998815019e-06,1.939187189702e-04,9.363896448816e-03,9.906361035512e-01,1.622736256677e-01
1.694654939564e+01,1.000000000000e+07,1.000000000000e+08,2.711135823927e-04,1.939730971333e-04,5.829312993205e-01,4.170687006795e-01,3.855460508358e-01
1.694654939564e+01,1.000000000000e+08,1.000000000000e+09,4.447317834146e-04,2.746485960472e-06,9.938623031588e-01,6.137696841250e-03,3.709490879598e-01
1.694654939564e+01,1.000000000000e+09,1.000000000000e+10,9.490240820400e-05,8.621306625113e-16,9.999999999909e-01,9.084391838089e-12,7.867189130311e-02
1.694654939564e+01,1.000000000000e+10,1.000000000000e+14,2.415717337332e-06,3.009138697593e-79,1.000000000000e+00,1.245650164069e-73,2.002573542405e-03
1.722820662873e+01,1.000000000000e+05,1.000000000000e+06,1.648747973012e-19,8.554179583630e-07,1.927418002968e-13,9.999999999998e-01,7.878388968935e-04
1.722820662873e+01,1.000000000000e+06,1.000000000000e+07,1.893845294438e-06,1.945730650135e-04,9.639512788536e-03,9.903604872115e-01,1.809457848994e-01
1.722820662873e+01,1.000000000000e+07,1.000000000000e+08,2.492330413466e-04,1.783353911160e-04,5.829079567711e-01,4.170920432289e-01,3.937900050899e-01
1.722820662873e+01,1.000000000000e+08,1.000000000000e+09,3.822156066418e-04,2.271780690578e-06,9.940914038654e-01,5.908596134557e-03,3.541124150409e-01
1.722820662873e+01,1.000000000000e+09,1.000000000000e+10,7.474120350959e-05,4.254211308521e-16,9.999999999943e-01,5.691922405225e-12,6.883655732280e-02
1.722820662873e+01,1.000000000000e+10,1.000000000000e+14,1.658415604362e-06,4.809056766405e-81,1.000000000000e+00,2.899789867965e-75,1.527398750000e-03
1.751454509781e+01,1.000000000000e+05,1.000000000000e+06,3.341054933122e-19,1.075602690865e-06,3.106216599769e-13,9.999999999997e-01,1.101407089429e-03
1.751454509781e+01,1.000000000000e+06,1.000000000000e+07,1.946006696589e-06,1.942783649489e-04,9.917252787054e-03,9.900827472129e-01,2.009319202011e-01
1.751454509781e+01,1.000000000000e+07,1.000000000000e+08,2.280688551603e-04,1.631946463409e-04,5.829034762640e-01,4.170965237360e-01,4.006501639017e-01
1.751454509781e+01,1.000000000000e+08,1.000000000000e+09,3.266100075737e-04,1.867128159050e-06,9.943158047975e-01,5.684195202460e-03,3.363575129404e-01
1.751454509781e+01,1.000000000000e+09,1.000000000000e+10,5.840556824204e-05,2.057418699342e-16,9.999999999965e-01,3.522641352976e-12,5.980675529213e-02
1.751454509781e+01,1.000000000000e+10,1.000000000000e+14,1.125245220533e-06,6.918760047635e-83,1.000000000000e+00,6.148668682511e-77,1.152240575229e-03
1.780564260656e+01,1.000000000000e+05,1.000000000000e+06,6.635452251849e-19,1.336245176611e-06,4.965744586391e-13,9.999999999995e-01,1.523438991221e-03
1.780564260656e+01,1.000000000000e+06,1.000000000000e+07,1.987418668287e-06,1.929747229017e-04,1.019386970353e-02,9.898061302965e-01,2.222742753190e-01
1.780564260656e+01,1.000000000000e+07,1.000000000000e+08,2.075771284149e-04,1.485451521832e-04,5.828816104015e-01,4.171183895985e-01,4.060112450932e-01
1.780564260656e+01,1.000000000000e+08,1.000000000000e+09,2.772076785080e-04,1.523321572776e-06,9.945347967311e-01,5.465203268867e-03,3.177782648107e-01
1.780564260656e+01,1.000000000000e+09,1.000000000000e+10,4.521956431484e-05,9.735786387024e-17,9.999999999978e-01,2.153003138026e-12,5.155434694861e-02
1.780564260656e+01,1.000000000000e+10,1.000000000000e+14,7.529486903271e-07,8.922679458275e-85,1.000000000000e+00,1.185031539719e-78,8.584288372456e-04
1.810157825180e+01,1.000000000000e+05,1.000000000000e+06,1.292052632683e-18,1.641593775987e-06,7.870720829857e-13,9.999999999992e-01,2.086010269541e-03
1.810157825180e+01,1.000000000000e+06,1.000000000000e+07,2.017516977723e-06,1.907281632994e-04,1.046724873326e-02,9.895327512667e-01,2.449262870931e-01
1.810157825180e+01,1.000000000000e+07,1.000000000000e+08,1.879243575265e-04,1.345059556848e-04,5.828371273620e-01,4.171628726380e-01,4.097194777469e-01
1.810157825180e+01,1.000000000000e+08,1.000000000000e+09,2.337128065332e-04,1.233799835204e-06,9.947485947796e-01,5.251405220424e-03,2.985519565481e-01
1.810157825180e+01,1.000000000000e+09,1.000000000000e+10,3.469268525260e-05,4.506654223807e-17,9.999999999987e-01,1.299021448178e-12,4.408477832552e-02
1.810157825180e+01,1.000000000000e+10,1.000000000000e+14,4.969534888523e-07,1.029103233333e-86,1.000000000000e+00,2.070824043734e-80,6.314900168322e-04
1.840243244494e+01,1.000000000000e+05,1.000000000000e+06,2.467870790599e-18,1.993932003677e-06,1.237690546140e-12,9.999999999988e-01,2.825979441904e-03
1.840243244494e+01,1.000000000000e+06,1.000000000000e+07,2.036225204557e-06,1.875865242020e-04,1.073829596359e-02,9.892617040364e-01,2.687503839406e-01
1.840243244494e+01,1.000000000000e+07,1.000000000000e+08,1.692737351005e-04,1.211821095106e-04,5.827864656233e-01,4.172135343767e-01,4.116600988084e-01
1.840243244494e+01,1.000000000000e+08,1.000000000000e+09,1.957968294252e-04,9.922935309337e-07,9.949575793823e-01,5.042420617704e-03,2.789072119000e-01
1.840243244494e+01,1.000000000000e+09,1.000000000000e+10,2.638664935878e-05,2.040696275580e-17,9.999999999992e-01,7.733821175365e-13,3.739752834656e-02
1.840243244494e+01,1.000000000000e+10,1.000000000000e+14,3.237147197389e-07,1.059412144126e-88,1.000000000000e+00,3.272672138543e-82,4.587975624725e-04
1.870828693387e+01,1.000000000000e+05,1.000000000000e+06,4.624699417885e-18,2.394494299791e-06,1.931388777280e-12,9.999999999981e-01,3.787905752541e-03
1.870828693387e+01,1.000000000000e+06,1.000000000000e+07,2.042958883230e-06,1.835701788610e-04,1.100654246816e-02,9.889934575318e-01,2.936257030424e-01
1.870828693387e+01,1.000000000000e+07,1.000000000000e+08,1.516771419201e-04,1.086113513837e-04,5.827270348945e-01,4.172729651055e-01,4.117563700988e-01
1.870828693387e+01,1.000000000000e+08,1.000000000000e+09,1.629563966227e-04,7.922657192021e-07,9.951616965423e-01,4.838303457696e-03,2.590377851845e-01
1.870828693387e+01,1.000000000000e+09,1.000000000000e+10,1.988920412879e-05,9.033253889725e-18,9.999999999995e-01,4.541787510061e-13,3.146319067846e-02
1.870828693387e+01,1.000000000000e+10,1.000000000000e+14,2.080033166335e-07,9.705016328675e-91,1.000000000000e+00,4.665798837129e-84,3.290452433697e-04
1.901922482515e+01,1.000000000000e+05,1.000000000000e+06,8.504449600736e-18,2.846074237828e-06,2.988133439275e-12,9.999999999970e-01,5.028704836665e-03
1.901922482515e+01,1.000000000000e+06,1.000000000000e+07,2.037332588490e-06,1.787646646991e-04,1.126830797809e-02,9.887316920219e-01,3.194575412516e-01
1.901922482515e+01,1.000000000000e+07,1.000000000000e+08,1.351746809048e-04,9.682879310859e-05,5.826407620818e-01,4.173592379182e-01,4.099250034957e-01
1.901922482515e+01,1.000000000000e+08,1.000000000000e+09,1.347024521930e-04,6.278171049587e-07,9.953608523192e-01,4.639147680823e-03,2.391139242675e-01
1.901922482515e+01,1.000000000000e+09,1.000000000000e+10,1.485207713406e-05,3.906128829354e-18,9.999999999997e-01,2.630021911478e-13,2.624201123277e-02
1.901922482515e+01,1.000000000000e+10,1.000000000000e+14,1.317652467651e-07,7.886864183083e-93,1.000000000000e+00,5.985541997384e-86,2.328149156840e-04
1.933533060661e+01,1.000000000000e+05,1.000000000000e+06,1.534531502876e-17,3.347122806076e-06,4.584628625167e-12,9.999999999954e-01,6.612963446909e-03
1.933533060661e+01,1.000000000000e+06,1.000000000000e+07,2.018505961902e-06,1.731598940067e-04,1.152257334388e-02,9.884774266561e-01,3.461027344358e-01
1.933533060661e+01,1.000000000000e+07,1.000000000000e+08,1.197443234422e-04,8.582025945519e-05,5.825143697149e-01,4.174856302851e-01,4.061371964618e-01
1.933533060661e+01,1.000000000000e+08,1.000000000000e+09,1.105045910960e-04,4.934163810305e-07,9.955547275825e-01,4.445272417457e-03,2.193005182809e-01
1.933533060661e+01,1.000000000000e+09,1.000000000000e+10,1.097539878667e-05,1.647729846038e-18,9.999999999998e-01,1.501293828193e-13,2.168426890684e-02
1.933533060661e+01,1.000000000000e+10,1.000000000000e+14,8.215678941143e-08,5.662302637835e-95,1.000000000000e+00,6.892069028500e-88,1.623184677612e-04
1.965669017028e+01,1.000000000000e+05,1.000000000000e+06,2.717619095080e-17,3.890995305973e-06,6.984380296962e-12,9.999999999930e-01,8.605814854120e-03
1.965669017028e+01,1.000000000000e+06,1.000000000000e+07,1.986811944960e-06,1.667884171652e-04,1.177194044076e-02,9.882280595592e-01,3.732845350503e-01
1.965669017028e+01,1.000000000000e+07,1.000000000000e+08,1.054347485921e-04,7.561109813178e-05,5.823649119821e-01,4.176350880179e-01,4.004237770757e-01
1.965669017028e+01,1.000000000000e+08,1.000000000000e+09,8.996294576569e-05,3.845657853843e-07,9.957434822633e-01,4.256517736705e-03,1.998239257035e-01
1.965669017028e+01,1.000000000000e+09,1.000000000000e+10,8.025611689153e-06,6.777109237689e-19,9.999999999999e-01,8.444352281394e-14,1.775045273928e-02
1.965669017028e+01,1.000000000000e+10,1.000000000000e+14,5.041066806503e-08,3.580922024120e-97,1.000000000000e+00,7.103500432687e-90,1.114945770742e-04
1.998339083576e+01,1.000000000000e+05,1.000000000000e+06,4.725503236989e-17,4.478596302265e-06,1.055130428824e-11,9.999999999894e-01,1.109652997460e-02
1.998339083576e+01,1.000000000000e+06,1.000000000000e+07,1.943114567523e-06,1.598283390017e-04,1.201147992833e-02,9.879885200717e-01,4.008179488378e-01
1.998339083576e+01,1.000000000000e+07,1.000000000000e+08,9.228823958157e-05,6.623372988681e-05,5.821794915308e-01,4.178205084692e-01,3.927667659909e-01
1.998339083576e+01,1.000000000000e+08,1.000000000000e+09,7.269510024589e-05,2.972782814407e-07,9.959272695665e-01,4.072730433485e-03,1.808517806857e-01
1.998339083576e+01,1.000000000000e+09,1.000000000000e+10,5.808470207966e-06,2.717237156598e-19,1.000000000000e+00,4.678059900989e-14,1.439153239509e-02
1.998339083576e+01,1.000000000000e+10,1.000000000000e+14,3.044868824529e-08,1.989738522011e-99,1.000000000000e+00,6.534726573380e-92,7.544211601000e-05
2.031552137391e+01,1.000000000000e+05,1.000000000000e+06,8.069051103588e-17,5.104809127543e-06,1.580676358676e-11,9.999999999842e-01,1.417949238604e-02
2.031552137391e+01,1.000000000000e+06,1.000000000000e+07,1.887962543437e-06,1.523594229457e-04,1.223983497321e-02,9.877601650268e-01,4.284488554676e-01
2.031552137391e+01,1.000000000000e+07,1.000000000000e+08,8.028996114588e-05,5.767599163223e-05,5.819548919798e-01,4.180451080202e-01,3.832243533582e-01
2.031552137391e+01,1.000000000000e+08,1.000000000000e+09,5.829021494314e-05,2.278658516830e-07,9.961060607493e-01,3.893939250706e-03,1.625441148399e-01
2.031552137391e+01,1.000000000000e+09,1.000000000000e+10,4.159209370696e-06,1.061212060393e-19,1.000000000000e+00,2.551475450766e-14,1.155292512008e-02
2.031552137391e+01,1.000000000000e+10,1.000000000000e+14,1.809385824200e-08,9.680865186455e-102,1.000000000000e+00,5.350359805508e-94,5.025882824653e-05
2.065317203100e+01,1.000000000000e+05,1.000000000000e+06,1.353244822521e-16,5.755915901599e-06,2.351050372562e-11,9.999999999765e-01,1.794105818259e-02
2.065317203100e+01,1.000000000000e+06,1.000000000000e+07,1.822127537735e-06,1.444192992983e-04,1.245972209898e-02,9.875402779010e-01,4.558311817551e-01
2.065317203100e+01,1.000000000000e+07,1.000000000000e+08,6.941389879058e-05,4.991450315402e-05,5.817047547725e-01,4.182952452275e-01,3.719438988813e-01
2.065317203100e+01,1.000000000000e+08,1.000000000000e+09,4.636867891378e-05,1.731414940439e-07,9.962798727569e-01,3.720127243127e-03,1.450697894333e-01
2.065317203100e+01,1.000000000000e+09,1.000000000000e+10,2.945520212473e-06,4.033922023613e-20,1.000000000000e+00,1.369510895403e-14,9.181119115041e-03
2.065317203100e+01,1.000000000000e+10,1.000000000000e+14,1.057198412570e-08,4.109899930001e-104,1.000000000000e+00,3.887538877411e-96,3.295263265528e-05
2.099643455324e+01,1.000000000000e+05,1.000000000000e+06,2.229311414227e-16,6.425866333657e-06,3.469277601486e-11,9.999999999653e-01,2.249672227696e-02
2.099643455324e+01,1.000000000000e+06,1.000000000000e+07,1.746587733087e-06,1.361322846091e-04,1.266755162279e-02,9.873324483772e-01,4.827088734462e-01
2.099643455324e+01,1.000000000000e+07,1.000000000000e+08,5.962377004654e-05,4.292533558745e-05,5.814167727542e-01,4.185832272458e-01,3.590206564109e-01
2.099643455324e+01,1.000000000000e+08,1.000000000000e+09,3.658308517303e-05,1.303820061554e-07,9.964486599558e-01,3.551340044215e-03,1.285325016177e-01
2.099643455324e+01,1.000000000000e+09,1.000000000000e+10,2.062288233900e-06,1.491268722941e-20,1.000000000000e+00,7.231136261303e-15,7.219995443801e-03
2.099643455324e+01,1.000000000000e+10,1.000000000000e+14,6.069987771517e-09,1.517024693205e-106,1.000000000000e+00,2.499221992380e-98,2.125080448692e-05
2.134540221166e+01,1.000000000000e+05,1.000000000000e+06,3.607969645566e-16,7.105474172514e-06,5.077732404320e-11,9.999999999492e-01,2.796705848626e-02
2.134540221166e+01,1.000000000000e+06,1.000000000000e+07,1.662504241342e-06,1.276015309848e-04,1.286130545463e-02,9.871386945454e-01,5.087816443190e-01
2.134540221166e+01,1.000000000000e+07,1.000000000000e+08,5.087415614458e-05,3.667590851729e-05,5.810864485488e-01,4.189135514512e-01,3.445959719651e-01
2.134540221166e+01,1.000000000000e+08,1.000000000000e+09,2.861863044223e-05,9.727792085621e-08,9.966124031451e-01,3.387596854893e-03,1.130254602490e-01
2.134540221166e+01,1.000000000000e+09,1.000000000000e+10,1.426933694826e-06,5.357125731328e-21,1.000000000000e+00,3.754291983399e-15,5.616393379006e-03
2.134540221166e+01,1.000000000000e+10,1.000000000000e+14,3.422673756136e-09,4.850720813670e-109,1.000000000000e+00,1.417231427615e-100,1.347160158328e-05
2.170016982752e+01,1.000000000000e+05,1.000000000000e+06,5.737285382837e-16,7.778526082973e-06,7.375800146730e-11,9.999999999262e-01,3.445926359733e-02
2.170016982752e+01,1.000000000000e+06,1.000000000000e+07,1.571191058002e-06,1.189008708024e-04,1.304195374213e-02,9.869580462579e-01,5.336973214683e-01
2.170016982752e+01,1.000000000000e+07,1.000000000000e+08,4.311181019810e-05,3.112659901626e-05,5.807210937618e-01,4.192789062382e-01,3.288799040702e-01
2.170016982752e+01,1.000000000000e+08,1.000000000000e+09,2.219294404716e-05,7.189062502157e-08,9.967711134585e-01,3.228886541493e-03,9.863434263498e-02
2.170016982752e+01,1.000000000000e+09,1.000000000000e+10,9.753335255501e-07,1.868492914411e-21,1.000000000000e+00,1.915747654995e-15,4.320776801576e-03
2.170016982752e+01,1.000000000000e+10,1.000000000000e+14,1.894205856393e-09,1.338571500708e-111,1.000000000000e+00,7.066663299506e-103,8.391427657629e-06
2.206083379801e+01,1.000000000000e+05,1.000000000000e+06,8.965024965102e-16,8.428564817927e-06,1.063647863878e-10,9.999999998936e-01,4.208014719286e-02
2.206083379801e+01,1.000000000000e+06,1.000000000000e+07,1.474079614134e-06,1.101162639081e-04,1.320974169992e-02,9.867902583001e-01,5.571219041031e-01
2.206083379801e+01,1.000000000000e+07,1.000000000000e+08,3.627709350083e-05,2.623457772368e-05,5.803251263359e-01,4.196748736641e-01,3.120935038103e-01
2.206083379801e+01,1.000000000000e+08,1.000000000000e+09,1.705537723974e-05,5.261052784745e-08,9.969247974360e-01,3.075202563981e-03,8.541271959208e-02
2.206083379801e+01,1.000000000000e+09,1.000000000000e+10,6.582973706452e-07,6.322122633762e-22,1.000000000000e+00,9.603748876538e-16,3.286591590487e-03
2.206083379801e+01,1.000000000000e+10,1.000000000000e+14,1.028271522230e-09,3.175620668699e-114,1.000000000000e+00,3.088309459171e-105,5.133711128736e-06
2.242749212250e+01,1.000000000000e+05,1.000000000000e+06,1.376716168743e-15,9.047245014528e-06,1.521696567655e-10,9.999999998478e-01,5.096821829014e-02
2.242749212250e+01,1.000000000000e+06,1.000000000000e+07,1.372679272351e-06,1.013638924614e-04,1.336115512895e-02,9.866388448710e-01,5.787728756435e-01
2.242749212250e+01,1.000000000000e+07,1.000000000000e+08,3.030548786884e-05,2.195524297673e-05,5.798902422240e-01,4.201097577760e-01,2.944140821937e-01
2.242749212250e+01,1.000000000000e+08,1.000000000000e+09,1.298580545139e-05,3.811527497615e-08,9.970734408035e-01,2.926559196493e-03,7.337106858586e-02
2.242749212250e+01,1.000000000000e+09,1.000000000000e+10,4.385631188225e-07,2.073320582010e-22,1.000000000000e+00,4.727530640461e-16,2.470672645082e-03
2.242749212250e+01,1.000000000000e+10,1.000000000000e+14,5.471922653830e-10,6.451448200459e-117,1.000000000000e+00,1.179009391871e-107,3.082641708022e-06
2.280024442911e+01,1.000000000000e+05,1.000000000000e+06,2.077915711012e-15,9.620407872088e-06,2.159903964770e-10,9.999999997840e-01,6.123939874921e-02
2.280024442911e+01,1.000000000000e+06,1.000000000000e+07,1.268535326375e-06,9.272773192526e-05,1.349559257474e-02,9.865044074253e-01,5.983400045457e-01
2.280024442911e+01,1.000000000000e+07,1.000000000000e+08,2.512913051257e-05,1.824036980429e-05,5.794194152336e-01,4.205805847664e-01,2.760716757748e-01
2.280024442911e+01,1.000000000000e+08,1.000000000000e+09,9.793012640984e-06,2.732944106275e-08,9.972170581397e-01,2.782941860316e-03,6.251209433968e-02
2.280024442911e+01,1.000000000000e+09,1.000000000000e+10,2.882711404916e-07,6.584358781640e-23,1.000000000000e+00,2.284085313018e-16,1.835010693035e-03
2.280024442911e+01,1.000000000000e+10,1.000000000000e+14,2.852685739193e-10,1.117830060086e-119,1.000000000000e+00,3.918518064321e-110,1.815897639410e-06
2.317919200184e+01,1.000000000000e+05,1.000000000000e+06,3.082770178713e-15,1.012324015982e-05,3.045240584147e-10,9.999999996955e-01,7.294268383031e-02
2.317919200184e+01,1.000000000000e+06,1.000000000000e+07,1.163186227736e-06,8.425975618435e-05,1.361678952857e-02,9.863832104714e-01,6.155122845999e-01
2.317919200184e+01,1.000000000000e+07,1.000000000000e+08,2.067832018656e-05,1.503984127085e-05,5.789301392576e-01,4.210698607424e-01,2.573660721531e-01
2.317919200184e+01,1.000000000000e+08,1.000000000000e+09,7.312739160179e-06,1.938839164887e-08,9.973556936221e-01,2.644306377899e-03,5.283141101172e-02
2.317919200184e+01,1.000000000000e+09,1.000000000000e+10,1.868718636822e-07,2.023048502135e-23,1.000000000000e+00,1.082585929349e-16,1.346499248265e-03
2.317919200184e+01,1.000000000000e+10,1.000000000000e+14,1.456056163306e-10,1.645092651360e-122,1.000000000000e+00,1.129827744848e-112,1.049156620313e-06
2.356443780805e+01,1.000000000000e+05,1.000000000000e+06,4.495930098146e-15,1.055240018784e-05,4.260575808538e-10,9.999999995739e-01,8.621250464598e-02
2.356443780805e+01,1.000000000000e+06,1.000000000000e+07,1.058121824352e-06,7.606240146336e-05,1.372036624291e-02,9.862796337571e-01,6.300702542606e-01
2.356443780805e+01,1.000000000000e+07,1.000000000000e+08,1.688294738301e-05,1.230543129685e-05,5.784133325179e-01,4.215866674821e-01,2.384673805657e-01
2.356443780805e+01,1.000000000000e+08,1.000000000000e+09,5.405480873423e-06,1.360543155329e-08,9.974893495347e-01,2.510650465337e-03,4.427362445790e-02
2.356443780805e+01,1.000000000000e+09,1.000000000000e+10,1.194184598956e-07,6.008126371903e-24,1.000000000000e+00,5.031153790759e-17,9.756419715816e-04
2.356443780805e+01,1.000000000000e+10,1.000000000000e+14,7.271755371876e-11,2.047687732075e-125,1.000000000000e+00,2.815946944522e-115,5.940982452863e-07
2.395608652646e+01,1.000000000000e+05,1.000000000000e+06,6.446069244521e-15,1.089838413049e-05,5.914701815908e-10,9.999999994085e-01,1.011383121165e-01
2.395608652646e+01,1.000000000000e+06,1.000000000000e+07,9.547443147035e-07,6.820295800131e-05,1.380532150043e-02,9.861946784996e-01,6.417917733682e-01
2.395608652646e+01,1.000000000000e+07,1.000000000000e+08,1.367380659432e-05,9.988534746362e-06,5.778720878653e-01,4.221279121347e-01,2.195893660794e-01
2.395608652646e+01,1.000000000000e+08,1.000000000000e+09,3.954128085196e-06,9.440992419893e-09,9.976180578072e-01,2.381942192760e-03,3.678239649384e-02
2.395608652646e+01,1.000000000000e+09,1.000000000000e+10,7.519540686869e-08,1.723044502881e-24,1.000000000000e+00,2.291422541126e-17,6.978223958755e-04
2.395608652646e+01,1.000000000000e+10,1.000000000000e+14,3.551098270635e-11,2.146417414891e-128,1.000000000000e+00,6.044376278292e-118,3.295461792675e-07
2.435424457558e+01,1.000000000000e+05,1.000000000000e+06,9.086478481141e-15,1.114158440138e-05,8.155463483818e-10,9.999999991845e-01,1.177079239382e-01
2.435424457558e+01,1.000000000000e+06,1.000000000000e+07,8.543335542598e-07,6.071862124019e-05,1.387514302524e-02,9.861248569748e-01,6.505021559401e-01
2.435424457558e+01,1.000000000000e+07,1.000000000000e+08,1.098375820930e-05,8.041542321885e-06,5.773237690147e-01,4.226762309853e-01,2.009973218641e-01
2.435424457558e+01,1.000000000000e+08,1.000000000000e+09,2.861530174128e-06,6.476306843020e-09,9.977418785885e-01,2.258121411507e-03,3.029973801566e-02
2.435424457558e+01,1.000000000000e+09,1.000000000000e+10,4.663449239460e-08,4.767092687254e-25,1.000000000000e+00,1.022224632985e-17,4.926812095527e-04
2.435424457558e+01,1.000000000000e+10,1.000000000000e+14,1.694621539474e-11,1.886315998918e-131,1.000000000000e+00,1.113119333715e-120,1.790323314206e-07
2.475902014263e+01,1.000000000000e+05,1.000000000000e+06,1.259348809815e-14,1.128146904234e-05,1.116298598775e-09,9.999999988837e-01,1.359904046949e-01
2.475902014263e+01,1.000000000000e+06,1.000000000000e+07,7.580180815831e-07,5.366887328624e-05,1.392727129059e-02,9.860727287094e-01,6.560790041932e-01
2.475902014263e+01,1.000000000000e+07,1.000000000000e+08,8.748715177208e-06,6.419821610080e-06,5.767672452454e-01,4.232327547546e-01,1.828463515070e-01
2.475902014263e+01,1.000000000000e+08,1.000000000000e+09,2.048063629628e-06,4.390505575695e-09,9.978608508222e-01,2.139149177752e-03,2.474093286123e-02
2.475902014263e+01,1.000000000000e+09,1.000000000000e+10,2.847208537678e-08,1.271090100879e-25,1.000000000000e+00,4.464337908722e-18,3.432115439969e-04
2.475902014263e+01,1.000000000000e+10,1.000000000000e+14,7.897559748844e-12,1.383536663325e-134,1.000000000000e+00,1.751853366514e-123,9.519968907578e-08
2.517052321294e+01,1.000000000000e+05,1.000000000000e+06,1.716197339038e-14,1.131614103476e-05,1.516592388839e-09,9.999999984834e-01,1.560118865015e-01
2.517052321294e+01,1.000000000000e+06,1.000000000000e+07,6.667529112107e-07,4.709212215506e-05,1.396081692221e-02,9.860391830778e-01,6.584357831955e-01
2.517052321294e+01,1.000000000000e+07,1.000000000000e+08,6.908438878419e-06,5.081063850575e-06,5.762072902083e-01,4.237927097917e-01,1.652953007904e-01
2.517052321294e+01,1.000000000000e+08,1.000000000000e+09,1.449270827096e-06,2.940682154962e-09,9.979750317800e-01,2.024968220007e-03,2.002115881357e-02
2.517052321294e+01,1.000000000000e+09,1.000000000000e+10,1.710501521609e-08,3.263027657900e-26,1.000000000000e+00,1.907643820644e-18,2.358211761636e-04
2.517052321294e+01,1.000000000000e+10,1.000000000000e+14,3.592083419013e-12,8.429876277996e-138,1.000000000000e+00,2.346793015267e-126,4.952286367758e-08
2.558886559982e+01,1.000000000000e+05,1.000000000000e+06,2.299728204150e-14,1.123836812776e-05,2.046318623221e-09,9.999999979537e-01,1.776977788866e-01
2.558886559982e+01,1.000000000000e+06,1.000000000000e+07,5.813047789037e-07,4.100596097243e-05,1.397795138492e-02,9.860220486151e-01,6.575656407450e-01
2.558886559982e+01,1.000000000000e+07,1.000000000000e+08,5.407138222524e-06,3.985829943873e-06,5.756581015433e-01,4.243418984567e-01,1.485188559346e-01
2.558886559982e+01,1.000000000000e+08,1.000000000000e+09,1.013624634900e-06,1.945324515372e-09,9.980844997458e-01,1.915500254155e-03,1.605789414186e-02
2.558886559982e+01,1.000000000000e+09,1.000000000000e+10,1.010675828514e-08,8.056244645741e-27,1.000000000000e+00,7.971146057374e-19,1.598050958041e-04
2.558886559982e+01,1.000000000000e+10,1.000000000000e+14,1.593515032220e-12,4.246541785785e-141,1.000000000000e+00,2.664889693491e-129,2.519619201377e-08
2.601416097497e+01,1.000000000000e+05,1.000000000000e+06,3.030314070214e-14,1.104997682005e-05,2.742371419644e-09,9.999999972576e-01,2.009865120955e-01
2.601416097497e+01,1.000000000000e+06,1.000000000000e+07,5.022451162825e-07,3.542680303347e-05,1.397880384109e-02,9.860211961589e-01,6.535085247982e-01
2.601416097497e+01,1.000000000000e+07,1.000000000000e+08,4.193874724647e-06,3.098196397445e-06,5.751280609347e-01,4.248719390653e-01,1.326344806536e-01
2.601416097497e+01,1.000000000000e+08,1.000000000000e+09,7.004606198878e-07,1.270601048861e-09,9.981893337350e-01,1.810666265019e-03,1.276369285064e-02
2.601416097497e+01,1.000000000000e+09,1.000000000000e+10,5.870464293715e-09,1.910943104802e-27,1.000000000000e+00,3.255182229534e-19,1.067770691969e-04
2.601416097497e+01,1.000000000000e+10,1.000000000000e+14,6.890411895606e-13,1.759999497399e-144,1.000000000000e+00,2.554273277221e-132,1.253287561190e-08
2.644652489934e+01,1.000000000000e+05,1.000000000000e+06,3.926546738440e-14,1.076348972531e-05,3.648023851301e-09,9.999999963520e-01,2.258795420542e-01
2.644652489934e+01,1.000000000000e+06,1.000000000000e+07,4.299506090150e-07,3.036717688900e-05,1.396073737860e-02,9.860392626214e-01,6.462997789745e-01
2.644652489934e+01,1.000000000000e+07,1.000000000000e+08,3.222784001555e-06,2.385782780444e-06,5.746181024176e-01,4.253818975824e-01,1.176997910536e-01
2.644652489934e+01,1.000000000000e+08,1.000000000000e+09,4.781053014032e-07,8.191455955326e-10,9.982896141538e-01,1.710385846173e-03,1.005057254968e-02
2.644652489934e+01,1.000000000000e+09,1.000000000000e+10,3.350339656596e-09,4.350023271533e-28,1.000000000000e+00,1.298382766347e-19,7.030927737291e-05
2.644652489934e+01,1.000000000000e+10,1.000000000000e+14,2.902262065582e-13,5.971460577917e-148,1.000000000000e+00,2.057519425531e-135,6.090604819012e-09
2.688607485456e+01,1.000000000000e+05,1.000000000000e+06,5.003253100284e-14,1.038398179076e-05,4.818241380807e-09,9.999999951818e-01,2.522497722611e-01
2.688607485456e+01,1.000000000000e+06,1.000000000000e+07,3.646108283554e-07,2.581956451945e-05,1.392485436384e-02,9.860751456362e-01,6.360712460402e-01
2.688607485456e+01,1.000000000000e+07,1.000000000000e+08,2.453130857422e-06,1.819572114523e-06,5.741402745591e-01,4.258597254409e-01,1.037933586689e-01
2.688607485456e+01,1.000000000000e+08,1.000000000000e+09,3.222164647846e-07,5.210777147011e-10,9.983854443748e-01,1.614555625187e-03,7.840005196827e-03
2.688607485456e+01,1.000000000000e+09,1.000000000000e+10,1.877760786556e-09,9.492456360554e-29,1.000000000000e+00,5.055200017230e-20,4.561494213223e-05
2.688607485456e+01,1.000000000000e+10,1.000000000000e+14,1.190018555406e-13,1.650117101376e-151,1.000000000000e+00,1.386631404930e-138,2.890816973587e-09
2.733293027482e+01,1.000000000000e+05,1.000000000000e+06,6.268252974015e-14,9.910429525670e-06,6.324905412154e-09,9.999999936751e-01,2.798301630316e-01
2.733293027482e+01,1.000000000000e+06,1.000000000000e+07,3.061806679654e-07,2.176113457998e-05,1.387484904825e-02,9.861251509517e-01,6.230910949368e-01
2.733293027482e+01,1.000000000000e+07,1.000000000000e+08,1.848775852138e-06,1.373719222764e-06,5.737094422693e-01,4.262905577307e-01,9.099013459902e-02
2.733293027482e+01,1.000000000000e+08,1.000000000000e+09,2.142738876078e-07,3.268581093117e-10,9.984769013350e-01,1.523098665009e-03,6.059450917374e-03
2.733293027482e+01,1.000000000000e+09,1.000000000000e+10,1.032556010383e-09,1.982592229681e-29,1.000000000000e+00,1.920082019517e-20,2.915517578211e-05
2.733293027482e+01,1.000000000000e+10,1.000000000000e+14,4.743959960079e-14,3.692126802658e-155,1.000000000000e+00,7.782795035640e-142,1.339501055135e-09
2.778721257936e+01,1.000000000000e+05,1.000000000000e+06,7.719546856434e-14,9.364719053230e-06,8.243223046972e-09,9.999999917568e-01,3.086269059752e-01
2.778721257936e+01,1.000000000000e+06,1.000000000000e+07,2.544792510241e-07,1.817791630002e-05,1.380608669771e-02,9.861939133023e-01,6.074643701963e-01
2.778721257936e+01,1.000000000000e+07,1.000000000000e+08,1.378716247813e-06,1.026094379163e-06,5.733159328004e-01,4.266840671996e-01,7.925376649561e-02
2.778721257936e+01,1.000000000000e+08,1.000000000000e+09,1.404876994876e-07,2.020245184033e-10,9.985640421159e-01,1.435957884136e-03,4.636618954370e-03
2.778721257936e+01,1.000000000000e+09,1.000000000000e+10,5.564262074377e-10,3.956293259107e-30,1.000000000000e+00,7.110184973719e-21,1.833777355341e-05
2.778721257936e+01,1.000000000000e+10,1.000000000000e+14,1.835773486836e-14,6.647432191938e-159,1.000000000000e+00,3.621052509804e-145,6.050038270476e-10
2.824904520544e+01,1.000000000000e+05,1.000000000000e+06,9.348268495530e-14,8.763663460389e-06,1.066707825793e-08,9.999999893329e-01,3.384574714111e-01
2.824904520544e+01,1.000000000000e+06,1.000000000000e+07,2.093885507869e-07,1.505251271363e-05,1.371968977909e-02,9.862803102209e-01,5.894229598304e-01
2.824904520544e+01,1.000000000000e+07,1.000000000000e+08,1.017691257952e-06,7.584391951309e-07,5.729822695092e-01,4.270177304908e-01,6.859512786533e-02
2.824904520544e+01,1.000000000000e+08,1.000000000000e+09,9.084115244414e-08,1.230660093362e-10,9.986470943034e-01,1.352905696641e-03,3.513087783139e-03
2.824904520544e+01,1.000000000000e+09,1.000000000000e+10,2.939586478277e-10,7.540560441229e-31,1.000000000000e+00,2.565177278148e-21,1.135284348054e-05
2.824904520544e+01,1.000000000000e+10,1.000000000000e+14,6.900846107842e-15,9.589742399187e-163,1.000000000000e+00,1.389647334446e-148,2.665144445471e-10
2.871855364189e+01,1.000000000000e+05,1.000000000000e+06,1.113157882562e-13,8.112935564184e-06,1.372077786742e-08,9.999999862792e-01,3.689499947615e-01
2.871855364189e+01,1.000000000000e+06,1.000000000000e+07,1.705268954849e-07,1.234971255948e-05,1.362009856906e-02,9.863799014309e-01,5.693798725994e-01
2.871855364189e+01,1.000000000000e+07,1.000000000000e+08,7.433729217880e-07,5.545732395521e-07,5.727301670360e-01,4.272698329640e-01,5.902638065692e-02
2.871855364189e+01,1.000000000000e+08,1.000000000000e+09,5.790811496962e-08,7.385725905134e-11,9.987262030557e-01,1.273796944334e-03,2.636831993459e-03
2.871855364189e+01,1.000000000000e+09,1.000000000000e+10,1.521628802664e-10,1.371029805851e-31,1.000000000000e+00,9.010277693553e-22,6.919874151932e-06
2.871855364189e+01,1.000000000000e+10,1.000000000000e+14,2.518311280555e-15,1.102265047115e-166,1.000000000000e+00,4.377000792657e-152,1.145246272043e-10
2.919586546320e+01,1.000000000000e+05,1.000000000000e+06,1.303338569932e-13,7.435039226756e-06,1.752967949913e-08,9.999999824703e-01,4.000259561724e-01
2.919586546320e+01,1.000000000000e+06,1.000000000000e+07,1.374311101808e-07,1.003916639195e-05,1.350462275353e-02,9.864953772465e-01,5.475294683530e-01
2.919586546320e+01,1.000000000000e+07,1.000000000000e+08,5.372096437502e-07,4.010467304555e-07,5.725616777238e-01,4.274383222762e-01,5.048082265611e-02
2.919586546320e+01,1.000000000000e+08,1.000000000000e+09,3.637829684284e-08,4.365160653148e-11,9.988015027095e-01,1.198497290505e-03,1.959602909193e-03
2.919586546320e+01,1.000000000000e+09,1.000000000000e+10,7.713095141398e-11,2.375061388902e-32,1.000000000000e+00,3.079258514723e-22,4.149861366966e-06
2.919586546320e+01,1.000000000000e+10,1.000000000000e+14,8.915696290195e-16,1.003649944410e-170,1.000000000000e+00,1.125711230780e-155,4.796894491254e-11
2.968111036422e+01,1.000000000000e+05,1.000000000000e+06,1.499346979379e-13,6.741843889641e-06,2.223941952049e-08,9.999999777606e-01,4.315486775552e-01
2.968111036422e+01,1.000000000000e+06,1.000000000000e+07,1.094830581636e-07,8.078520274982e-06,1.337115456712e-02,9.866288454329e-01,5.241180290577e-01
2.968111036422e+01,1.000000000000e+07,1.000000000000e+08,3.835786679986e-07,2.864711347577e-07,5.724629220406e-01,4.275370779594e-01,4.289020994526e-02
2.968111036422e+01,1.000000000000e+08,1.000000000000e+09,2.248093249436e-08,2.536450818447e-11,9.988730039339e-01,1.126996066106e-03,1.440638889167e-03
2.968111036422e+01,1.000000000000e+09,1.000000000000e+10,3.818957709934e-11,3.907627708515e-33,1.000000000000e+00,1.023218376666e-22,2.444533186598e-06
2.968111036422e+01,1.000000000000e+10,1.000000000000e+14,3.051357993308e-16,7.176873038760e-175,1.000000000000e+00,2.352025902729e-159,1.953188918387e-11
3.017442019532e+01,1.000000000000e+05,1.000000000000e+06,1.695691072607e-13,6.047842963697e-06,2.803794733498e-08,9.999999719621e-01,4.631554801203e-01
3.017442019532e+01,1.000000000000e+06,1.000000000000e+07,8.626475397634e-08,6.437066678864e-06,1.322403358843e-02,9.867759664116e-01,4.995692902718e-01
3.017442019532e+01,1.000000000000e+07,1.000000000000e+08,2.707938186484e-07,2.022321981905e-07,5.724712996931e-01,4.275287003069e-01,3.622524379531e-02
3.017442019532e+01,1.000000000000e+08,1.000000000000e+09,1.367763142086e-08,1.449995388150e-11,9.989410009673e-01,1.058999032704e-03,1.048569802655e-03
3.017442019532e+01,1.000000000000e+09,1.000000000000e+10,1.849003121753e-11,6.108026643566e-34,1.000000000000e+00,3.303416079565e-23,1.416002217202e-06
3.017442019532e+01,1.000000000000e+10,1.000000000000e+14,1.011393307249e-16,4.015523585746e-179,1.000000000000e+00,3.970288864840e-163,7.745444822021e-12
3.067592899831e+01,1.000000000000e+05,1.000000000000e+06,1.885329757816e-13,5.366626678515e-06,3.513062868955e-08,9.999999648694e-01,4.946165498033e-01
3.067592899831e+01,1.000000000000e+06,1.000000000000e+07,6.721689798360e-08,5.077987995113e-06,1.306398858358e-02,9.869360114164e-01,4.742091364466e-01
3.067592899831e+01,1.000000000000e+07,1.000000000000e+08,1.889785511703e-07,1.410580904443e-07,5.725986976652e-01,4.274013023348e-01,3.041791222460e-02
3.067592899831e+01,1.000000000000e+08,1.000000000000e+09,8.190112004570e-09,8.151901228688e-12,9.990056551823e-01,9.943448176781e-04,7.555951080485e-04
3.067592899831e+01,1.000000000000e+09,1.000000000000e+10,8.749657602309e-12,9.059469225622e-35,1.000000000000e+00,1.035408428237e-23,8.064144503481e-07
3.067592899831e+01,1.000000000000e+10,1.000000000000e+14,3.244889255189e-17,1.747326666837e-183,1.000000000000e+00,5.384857631251e-167,2.990660553932e-12
3.118577304281e+01,1.000000000000e+05,1.000000000000e+06,2.059251786839e-13,4.710334711051e-06,4.371773606622e-08,9.999999562823e-01,5.258726779151e-01
3.118577304281e+01,1.000000000000e+06,1.000000000000e+07,5.174078412353e-08,3.962968177517e-06,1.288780447547e-02,9.871121955245e-01,4.482113883450e-01
3.118577304281e+01,1.000000000000e+07,1.000000000000e+08,1.302081000329e-07,9.709841974813e-08,5.728304676801e-01,4.271695323199e-01,2.537702527988e-02
3.118577304281e+01,1.000000000000e+08,1.000000000000e+09,4.818561896158e-09,4.499827088599e-12,9.990670185565e-01,9.329814434905e-04,5.384577591315e-04
3.118577304281e+01,1.000000000000e+09,1.000000000000e+10,4.036997952592e-12,1.271076218238e-35,1.000000000000e+00,3.148567904082e-24,4.506997828151e-07
3.118577304281e+01,1.000000000000e+10,1.000000000000e+14,1.004311555363e-17,5.861033766214e-188,1.000000000000e+00,5.835872080645e-171,1.121236634738e-12
3.170409086326e+01,1.000000000000e+05,1.000000000000e+06,2.210191523904e-13,4.089243965062e-06,5.404890056277e-08,9.999999459511e-01,5.566696772916e-01
3.170409086326e+01,1.000000000000e+06,1.000000000000e+07,3.935412089169e-08,3.059952512481e-06,1.269771776304e-02,9.873022822370e-01,4.219092685392e-01
3.170409086326e+01,1.000000000000e+07,1.000000000000e+08,8.859600104117e-08,6.597077774766e-08,5.731891531634e-01,4.268108468366e-01,2.104120833900e-02
3.170409086326e+01,1.000000000000e+08,1.000000000000e+09,2.786056850901e-09,2.439059498022e-12,9.991253135825e-01,8.746864174790e-04,3.795985389805e-04
3.170409086326e+01,1.000000000000e+09,1.000000000000e+10,1.816575444342e-12,1.686065599675e-36,1.000000000000e+00,9.281561109535e-25,2.472908000505e-07
3.170409086326e+01,1.000000000000e+10,1.000000000000e+14,3.000334896543e-18,1.507508809235e-192,1.000000000000e+00,5.024468471742e-175,4.084362250389e-13
3.223102329662e+01,1.000000000000e+05,1.000000000000e+06,2.331434198768e-13,3.508731262130e-06,6.644664038580e-08,9.999999335534e-01,5.866561299229e-01
3.223102329662e+01,1.000000000000e+06,1.000000000000e+07,2.957969381101e-08,2.337228399882e-06,1.249771533646e-02,9.875022846635e-01,3.957277661133e-01
3.223102329662e+01,1.000000000000e+07,1.000000000000e+08,5.953552049932e-08,4.423938170310e-08,5.736986423094e-01,4.263013576906e-01,1.735105196599e-02
3.223102329662e+01,1.000000000000e+08,1.000000000000e+09,1.583154122759e-09,1.298087353881e-12,9.991807342969e-01,8.192657030591e-04,2.649187043479e-04
3.223102329662e+01,1.000000000000e+09,1.000000000000e+10,7.972139820552e-13,2.112824545032e-37,1.000000000000e+00,2.650260272135e-25,1.332933198402e-07
3.223102329662e+01,1.000000000000e+10,1.000000000000e+14,8.653036065856e-19,2.956193000122e-197,1.000000000000e+00,3.416365051091e-179,1.446778317838e-13
3.276671352060e+01,1.000000000000e+05,1.000000000000e+06,2.414315310749e-13,2.975489275405e-06,8.114010474877e-08,9.999999188599e-01,6.159069328974e-01
3.276671352060e+01,1.000000000000e+06,1.000000000000e+07,2.193736641660e-08,1.764089651455e-06,1.228277411097e-02,9.877172258890e-01,3.696959496663e-01
3.276671352060e+01,1.000000000000e+07,1.000000000000e+08,3.943965353031e-08,2.923084658449e-08,5.743318231901e-01,4.256681768099e-01,1.421434586374e-02
3.276671352060e+01,1.000000000000e+08,1.000000000000e+09,8.819655254184e-10,6.767213549954e-13,9.992333005162e-01,7.666994838160e-04,1.827011911754e-04
3.276671352060e+01,1.000000000000e+09,1.000000000000e+10,3.400173039589e-13,2.490591081002e-38,1.000000000000e+00,7.324895092111e-26,7.038136536138e-08
3.276671352060e+01,1.000000000000e+10,1.000000000000e+14,2.397082681028e-19,4.371977626324e-202,1.000000000000e+00,1.823874353991e-183,4.961804884943e-14
3.331130709255e+01,1.000000000000e+05,1.000000000000e+06,2.456695941374e-13,2.495861019153e-06,9.843078924296e-08,9.999999015692e-01,6.442333704321e-01
3.331130709255e+01,1.000000000000e+06,1.000000000000e+07,1.607052644594e-08,1.316904331250e-06,1.205613620779e-02,9.879438637922e-01,3.440683572354e-01
3.331130709255e+01,1.000000000000e+07,1.000000000000e+08,2.578745183973e-08,1.905057652924e-08,5.751245712127e-01,4.248754287873e-01,1.157362171800e-02
3.331130709255e+01,1.000000000000e+08,1.000000000000e+09,4.824288207040e-10,3.460084341808e-13,9.992832923067e-01,7.167076933123e-04,1.246141601375e-04
3.331130709255e+01,1.000000000000e+09,1.000000000000e+10,1.412298029271e-13,2.765039287588e-39,1.000000000000e+00,1.957829884544e-26,3.645433070641e-08
3.331130709255e+01,1.000000000000e+10,1.000000000000e+14,6.398412271769e-20,4.861215524123e-207,1.000000000000e+00,7.597534071962e-188,1.651562433118e-14
3.386495198905e+01,1.000000000000e+05,1.000000000000e+06,2.453967667997e-13,2.066835254721e-06,1.187306714955e-07,9.999998812693e-01,6.713768874035e-01
3.386495198905e+01,1.000000000000e+06,1.000000000000e+07,1.161360090230e-08,9.709518746928e-07,1.181967124915e-02,9.881803287509e-01,3.191699342485e-01
3.386495198905e+01,1.000000000000e+07,1.000000000000e+08,1.661556611322e-08,1.222729046295e-08,5.760721400580e-01,4.239278599420e-01,9.369118766749e-03
3.386495198905e+01,1.000000000000e+08,1.000000000000e+09,2.585475415164e-10,1.731460238432e-13,9.993307608082e-01,6.692391918455e-04,8.404108111060e-05
3.386495198905e+01,1.000000000000e+09,1.000000000000e+10,5.695266237048e-14,2.879961807107e-40,1.000000000000e+00,5.056764139266e-27,1.850011826749e-08
3.386495198905e+01,1.000000000000e+10,1.000000000000e+14,1.638334732693e-20,4.021168872965e-212,1.000000000000e+00,2.454424479150e-192,5.321855915955e-15
3.442779864611e+01,1.000000000000e+05,1.000000000000e+06,2.407171975934e-13,1.691547974932e-06,1.423058446495e-07,9.999998576942e-01,6.973610304096e-01
3.442779864611e+01,1.000000000000e+06,1.000000000000e+07,8.282523805741e-09,7.073902100613e-07,1.157306044201e-02,9.884269395580e-01,2.950446641179e-01
3.442779864611e+01,1.000000000000e+07,1.000000000000e+08,1.055395405998e-08,7.731185631223e-09,5.771874996972e-01,4.228125003028e-01,7.538268042419e-03
3.442779864611e+01,1.000000000000e+08,1.000000000000e+09,1.358196160990e-10,8.481902771066e-14,9.993758921287e-01,6.241078713255e-04,5.602823262170e-05
3.442779864611e+01,1.000000000000e+09,1.000000000000e+10,2.230968106511e-14,2.813247459955e-41,1.000000000000e+00,1.260998510801e-27,9.197433470556e-09
3.442779864611e+01,1.000000000000e+10,1.000000000000e+14,4.027392315312e-21,2.460832420536e-217,1.000000000000e+00,6.110237662173e-197,1.660340762909e-15
3.500000000000e+01,1.000000000000e+05,1.000000000000e+06,2.317327981205e-13,1.367660170838e-06,1.694373820321e-07,9.999998305626e-01,7.221580673803e-01
3.500000000000e+01,1.000000000000e+06,1.000000000000e+07,5.824348060618e-09,5.088852507483e-07,1.131579452588e-02,9.886842054741e-01,2.717792285566e-01
3.500000000000e+01,1.000000000000e+07,1.000000000000e+08,6.601431604785e-09,4.810549989667e-09,5.784649712364e-01,4.215350287636e-01,6.025804766842e-03
3.500000000000e+01,1.000000000000e+08,1.000000000000e+09,6.983271769176e-11,4.061264067437e-14,9.994187676402e-01,5.812323597737e-04,3.689482352451e-05
3.500000000000e+01,1.000000000000e+09,1.000000000000e+10,8.470730040231e-15,2.569560049504e-42,1.000000000000e+00,3.033457609085e-28,4.472752171268e-09
3.500000000000e+01,1.000000000000e+10,1.000000000000e+14,9.474394977032e-22,1.103515019548e-222,1.000000000000e+00,1.164734024941e-201,5.002711750192e-16
